{"userId":"demo","userName":"demo","appServer":"U8ERPSERVER","dataServer":"192.168.0.32","operDate":"2019-10-08","companyId":"200","companyName":"荏原机械（中国）有限公司","companyDBName":"UFDATA_200_2019","companyDBUser":"sa","companyDBPwd":"Sa123456","iYear":"2019","iMonth":"10","WorkStationSerial":"{2C578B7C-9E53-4C76-AEE2-59A650F90FE8}U8DATASERVER@1","BarCode":"FK049588","Customer":"荏原机械(中国)有限公司==0137009591;970207631b0e0d1a;2;;0","uuid":"f5756e75-ab84-4f6f-be78-aaebeb984a68"}